horizon_steps,horizon_ms,rmse_positional_error_m
1,5.000000000109139,0.0012002873487077387
2,10.000000000218279,0.0023298220641082973
3,15.000000000327418,0.003406938881626879
4,20.000000000436557,0.004480729904759892
5,25.000000000545697,0.005566003509159491
6,30.000000000654836,0.0066524166719035775
7,35.000000000763976,0.007738941490499932
8,40.000000000873115,0.008822461949988715
9,45.000000000982254,0.009916794307829399
10,50.000000001091394,0.011017989262595685
11,55.00000000120053,0.01211923687654953
12,60.00000000130967,0.013223440637928621
13,65.00000000141881,0.014326902493789576
14,70.00000000152795,0.015422449835176178
15,75.00000000163709,0.01651795731171193
16,80.00000000174623,0.017611428747010882
17,85.00000000185537,0.01870475964883572
18,90.00000000196451,0.019799955764705442
19,95.00000000207365,0.02089555563003754
20,100.00000000218279,0.021988540490559844
21,105.00000000229193,0.02308645878593191
22,110.00000000240107,0.024183926887227643
23,115.0000000025102,0.025277985054816935
24,120.00000000261934,0.02637082307619191
25,125.00000000272848,0.02746541181490801
26,130.00000000283762,0.028559887756368637
27,135.00000000294676,0.029654558265729634
28,140.0000000030559,0.030746999178611983
29,145.00000000316504,0.03184094596961318
30,150.00000000327418,0.032940981501318065
31,155.00000000338332,0.03404122949639245
32,160.00000000349246,0.035129713288340046
33,165.0000000036016,0.03621664435430018
34,170.00000000371074,0.0373045793088944
35,175.00000000381988,0.03839048041908297
36,180.00000000392902,0.03947287171688126
37,185.00000000403816,0.04055548966870745
38,190.0000000041473,0.04163718161628986
39,195.00000000425644,0.04271830195610237
40,200.00000000436557,0.04379738887956667
41,205.0000000044747,0.04487612083064962
42,210.00000000458385,0.04595019549791566
43,215.000000004693,0.04702342653395548
44,220.00000000480213,0.04809759699116887
45,225.00000000491127,0.04917068800212302
46,230.0000000050204,0.050234758132633305
47,235.00000000512955,0.05130301692735229
48,240.0000000052387,0.05237656782809116
49,245.00000000534783,0.05344541238261391
50,250.00000000545697,0.05450128328105018
