horizon_steps,horizon_ms,rmse_positional_error_m
1,5.000000000109139,0.0012002873487077387
2,10.000000000218279,0.0023296955151802623
3,15.000000000327418,0.003406602303308863
4,20.000000000436557,0.004480097655323894
5,25.000000000545697,0.005565011228520861
6,30.000000000654836,0.006650991315204636
7,35.000000000763976,0.00773697094370557
8,40.000000000873115,0.008819822928554018
9,45.000000000982254,0.009913418759947
10,50.000000001091394,0.011013823592691294
11,55.00000000120053,0.012114204850532263
12,60.00000000130967,0.013217444086296519
13,65.00000000141881,0.014319861237062368
14,70.00000000152795,0.01541428092036475
15,75.00000000163709,0.01650857350394901
16,80.00000000174623,0.01760071933385158
17,85.00000000185537,0.01869264190065331
18,90.00000000196451,0.019786351962842844
19,95.00000000207365,0.020880361289982583
20,100.00000000218279,0.021971633350103544
21,105.00000000229193,0.023067769938863388
22,110.00000000240107,0.0241633804900987
23,115.0000000025102,0.02525550509380347
24,120.00000000261934,0.02634632534090278
25,125.00000000272848,0.027438796884603527
26,130.00000000283762,0.02853104531509679
27,135.00000000294676,0.029623399246773107
28,140.0000000030559,0.030713441653765005
29,145.00000000316504,0.03180491183866783
30,150.00000000327418,0.03290237969350069
31,155.00000000338332,0.03399999212478097
32,160.00000000349246,0.03508574614106454
33,165.0000000036016,0.03616985135976869
34,170.00000000371074,0.037254855481626326
35,175.00000000381988,0.03833773205993468
36,180.00000000392902,0.03941700887690118
37,185.00000000403816,0.04049642721023593
38,190.0000000041473,0.04157482953866499
39,195.00000000425644,0.04265257681360074
40,200.00000000436557,0.04372819406368608
41,205.0000000044747,0.04480335112543798
42,210.00000000458385,0.04587372525483209
43,215.000000004693,0.04694317274488703
44,220.00000000480213,0.048013472902657936
45,225.00000000491127,0.049082580415282295
46,230.0000000050204,0.05014253434203562
47,235.00000000512955,0.05120661069561956
48,240.0000000052387,0.05227591548743114
49,245.00000000534783,0.053340439554181905
50,250.00000000545697,0.054391864130292324
