horizon_steps,horizon_ms,rmse_positional_error_m
1,5.000000000109139,0.0012002873487077387
2,10.000000000218279,0.00233047386583344
3,15.000000000327418,0.003408998002608964
4,20.000000000436557,0.004484956864955111
5,25.000000000545697,0.005573172306349181
6,30.000000000654836,0.0066633066712240025
7,35.000000000763976,0.00775431191752451
8,40.000000000873115,0.008843091607169673
9,45.000000000982254,0.009943480323228275
10,50.000000001091394,0.011051534700233595
11,55.00000000120053,0.012160446695966215
12,60.00000000130967,0.013273108768550423
13,65.00000000141881,0.01438586407915364
14,70.00000000152795,0.015491574997464027
15,75.00000000163709,0.01659807324812188
16,80.00000000174623,0.01770332443267788
17,85.00000000185537,0.01880929587200654
18,90.00000000196451,0.019918004841001438
19,95.00000000207365,0.021027961523402434
20,100.00000000218279,0.022136144383768125
21,105.00000000229193,0.023250107876573795
22,110.00000000240107,0.024364493801893053
23,115.0000000025102,0.025476379185034696
24,120.00000000261934,0.02658793458771719
25,125.00000000272848,0.027702100286697683
26,130.00000000283762,0.028817016878933982
27,135.00000000294676,0.02993301667308145
28,140.0000000030559,0.031047697400826694
29,145.00000000316504,0.03216474813461235
30,150.00000000327418,0.033288658622053824
31,155.00000000338332,0.034413715525620836
32,160.00000000349246,0.03552807388736163
33,165.0000000036016,0.03664177890568979
34,170.00000000371074,0.037757337113848585
35,175.00000000381988,0.03887177896286193
36,180.00000000392902,0.03998363411224105
37,185.00000000403816,0.041096606236019385
38,190.0000000041473,0.042209556323042526
39,195.00000000425644,0.043322850905635764
40,200.00000000436557,0.044435044917352166
41,205.0000000044747,0.04554777329451674
42,210.00000000458385,0.04665672233744355
43,215.000000004693,0.04776574767312916
44,220.00000000480213,0.04887660716837198
45,225.00000000491127,0.04998727595964221
46,230.0000000050204,0.05108989030643557
47,235.00000000512955,0.05219749543372625
48,240.0000000052387,0.05331112573708795
49,245.00000000534783,0.054421050343857136
50,250.00000000545697,0.05551913197939602
